crop_size,color_space,blur_method,bilateral_d,gaussian_ksize,use_clahe,polarity_margin,accuracy
32,hsv,gaussian,5,3,True,0.3,0.236800
32,hsv,gaussian,5,5,True,0.3,0.236000
26,hsv,gaussian,5,3,True,0.3,0.235600
26,hsv,gaussian,5,5,True,0.3,0.232400
32,gray,gaussian,5,5,True,0.3,0.232400
26,gray,gaussian,5,3,True,0.3,0.232000
32,lab,gaussian,5,3,True,0.3,0.231600
26,hsv,gaussian,5,3,True,0.2,0.231200
32,gray,gaussian,5,5,True,0.2,0.231200
32,gray,gaussian,5,3,True,0.3,0.230800
26,lab,gaussian,5,3,True,0.3,0.228600
32,lab,gaussian,5,3,True,0.2,0.228400
32,lab,gaussian,5,5,True,0.3,0.228400
26,hsv,gaussian,5,5,True,0.2,0.228000
32,gray,gaussian,5,3,True,0.2,0.228000
32,gray,gaussian,5,3,True,0.1,0.227600
32,lab,gaussian,5,5,True,0.2,0.226400
26,gray,bilateral,5,3,True,0.3,0.226400
32,gray,bilateral,5,3,True,0.3,0.226200
32,lab,gaussian,5,3,True,0.1,0.225200
26,gray,gaussian,5,5,True,0.3,0.224800
26,gray,gaussian,5,3,True,0.2,0.224800
32,hsv,gaussian,5,5,True,0.2,0.224600
22,lab,gaussian,5,5,True,0.2,0.223200
26,lab,bilateral,5,3,True,0.3,0.223000
22,lab,gaussian,5,5,True,0.3,0.223000
32,hsv,gaussian,5,3,True,0.2,0.223000
26,lab,gaussian,5,3,True,0.2,0.222400
26,gray,bilateral,5,3,True,0.2,0.221800
32,gray,gaussian,5,5,True,0.1,0.221800
32,hsv,bilateral,5,3,True,0.3,0.221600
26,hsv,gaussian,5,3,True,0.1,0.221400
26,lab,gaussian,5,5,True,0.3,0.221200
26,hsv,bilateral,5,3,True,0.3,0.221000
32,lab,bilateral,5,3,True,0.3,0.220600
32,lab,gaussian,5,5,True,0.1,0.219800
26,hsv,gaussian,5,5,True,0.1,0.219200
32,hsv,gaussian,5,5,True,0.1,0.219200
26,lab,bilateral,5,3,True,0.2,0.219000
26,hsv,bilateral,5,3,True,0.2,0.219000
32,hsv,gaussian,5,3,True,0.1,0.218800
22,hsv,gaussian,5,5,True,0.3,0.218600
26,lab,gaussian,5,5,True,0.2,0.218400
22,hsv,gaussian,5,3,True,0.3,0.218200
22,gray,gaussian,5,5,True,0.3,0.217600
22,gray,gaussian,5,5,True,0.2,0.217400
32,lab,none,5,3,True,0.3,0.217400
22,gray,gaussian,5,3,True,0.2,0.217200
26,lab,gaussian,5,3,True,0.1,0.216400
26,lab,none,5,3,True,0.3,0.216000
26,gray,gaussian,5,5,True,0.2,0.215800
26,lab,gaussian,5,5,True,0.1,0.215600
32,gray,bilateral,5,3,True,0.2,0.214800
26,gray,gaussian,5,5,True,0.1,0.214800
26,gray,gaussian,5,3,True,0.1,0.214800
32,hsv,none,5,3,True,0.3,0.214200
26,gray,none,5,3,True,0.3,0.213400
32,gray,bilateral,5,3,True,0.1,0.213200
22,hsv,gaussian,5,3,True,0.2,0.212800
32,hsv,bilateral,5,3,True,0.2,0.212600
22,gray,gaussian,5,3,True,0.3,0.212600
22,hsv,gaussian,5,5,True,0.2,0.212600
32,gray,none,5,3,True,0.3,0.212400
22,lab,gaussian,5,5,True,0.1,0.212000
26,hsv,none,5,3,True,0.3,0.211800
32,lab,bilateral,5,3,True,0.2,0.211000
26,hsv,bilateral,9,3,True,0.3,0.210400
26,lab,bilateral,5,3,True,0.1,0.210200
32,lab,bilateral,5,3,True,0.1,0.209600
26,gray,bilateral,5,3,True,0.1,0.209200
22,lab,gaussian,5,3,True,0.2,0.209000
32,gray,bilateral,9,3,True,0.3,0.208800
26,hsv,none,5,3,True,0.2,0.208800
26,lab,bilateral,9,3,True,0.3,0.208600
26,gray,bilateral,9,3,True,0.2,0.208600
32,lab,bilateral,9,3,True,0.3,0.208200
32,hsv,bilateral,9,3,True,0.3,0.208000
26,lab,none,5,3,True,0.2,0.208000
26,hsv,bilateral,5,3,True,0.1,0.208000
22,gray,bilateral,5,3,True,0.2,0.207800
26,gray,none,5,3,True,0.1,0.207200
32,hsv,bilateral,9,3,True,0.2,0.207200
22,hsv,gaussian,5,5,True,0.1,0.207000
26,gray,none,5,3,True,0.2,0.207000
22,lab,gaussian,5,3,True,0.3,0.207000
26,lab,none,5,3,True,0.1,0.206600
26,gray,bilateral,9,3,True,0.3,0.206400
26,lab,bilateral,9,3,True,0.2,0.206200
26,hsv,bilateral,9,3,True,0.2,0.205600
32,hsv,bilateral,5,3,True,0.1,0.205000
22,hsv,gaussian,5,3,True,0.1,0.204800
32,lab,bilateral,9,3,True,0.2,0.204600
26,hsv,none,5,3,True,0.1,0.204600
22,gray,bilateral,5,3,True,0.3,0.204600
22,gray,gaussian,5,5,True,0.1,0.203600
32,lab,none,5,3,True,0.2,0.203200
18,hsv,gaussian,5,5,True,0.2,0.203000
22,lab,bilateral,5,3,True,0.2,0.203000
22,gray,gaussian,5,3,True,0.1,0.203000
22,gray,none,5,3,True,0.2,0.202600
22,lab,bilateral,5,3,True,0.3,0.202400
22,lab,none,5,3,True,0.2,0.202000
26,lab,bilateral,9,3,True,0.1,0.201600
22,hsv,bilateral,5,3,True,0.3,0.201200
32,lab,none,5,3,True,0.1,0.201000
22,hsv,none,5,3,True,0.2,0.200200
32,gray,bilateral,9,3,True,0.2,0.199600
32,hsv,none,5,3,True,0.2,0.199400
22,hsv,none,5,3,True,0.3,0.199200
26,hsv,bilateral,9,3,True,0.1,0.199200
32,hsv,none,5,3,True,0.1,0.199000
22,lab,none,5,3,True,0.3,0.199000
26,gray,bilateral,9,3,True,0.1,0.199000
32,gray,none,5,3,True,0.2,0.198800
22,hsv,bilateral,5,3,True,0.2,0.198600
22,lab,gaussian,5,3,True,0.1,0.198400
22,gray,bilateral,5,3,True,0.1,0.198200
32,hsv,bilateral,9,3,True,0.1,0.197800
32,gray,bilateral,9,3,True,0.1,0.197800
32,lab,bilateral,9,3,True,0.1,0.197800
18,hsv,gaussian,5,5,True,0.3,0.197600
22,gray,none,5,3,True,0.3,0.197400
18,gray,gaussian,5,5,True,0.2,0.197200
26,hsv,gaussian,5,3,False,0.3,0.196800
22,gray,bilateral,9,3,True,0.2,0.196800
22,gray,bilateral,9,3,True,0.3,0.196200
32,gray,none,5,3,True,0.1,0.196000
22,hsv,bilateral,9,3,True,0.3,0.194400
26,hsv,gaussian,5,3,False,0.2,0.193600
26,hsv,none,5,3,False,0.2,0.193400
22,lab,bilateral,9,3,True,0.2,0.193400
32,hsv,none,5,3,False,0.2,0.193200
18,lab,gaussian,5,5,True,0.2,0.193000
18,gray,gaussian,5,5,True,0.3,0.192800
18,gray,gaussian,5,3,True,0.2,0.192800
26,hsv,gaussian,5,5,False,0.3,0.192800
18,hsv,gaussian,5,3,True,0.2,0.192600
26,hsv,none,5,3,False,0.3,0.192200
22,hsv,bilateral,9,3,True,0.2,0.192000
26,hsv,none,5,3,False,0.1,0.191600
22,lab,bilateral,5,3,True,0.1,0.191400
22,gray,none,5,3,True,0.1,0.191400
26,hsv,bilateral,5,3,False,0.3,0.190800
22,lab,bilateral,9,3,True,0.3,0.190000
22,hsv,none,5,3,True,0.1,0.189800
26,lab,gaussian,5,3,False,0.3,0.189400
18,lab,gaussian,5,3,True,0.3,0.189200
26,hsv,gaussian,5,5,False,0.2,0.188800
32,hsv,gaussian,5,3,False,0.3,0.188600
22,hsv,bilateral,5,3,True,0.1,0.188600
26,lab,gaussian,5,3,False,0.2,0.188600
32,hsv,none,5,3,False,0.3,0.188600
18,lab,bilateral,5,3,True,0.2,0.188600
32,lab,bilateral,5,3,False,0.3,0.188400
26,hsv,gaussian,5,3,False,0.1,0.188400
18,gray,gaussian,5,3,True,0.3,0.188400
32,lab,bilateral,9,3,False,0.3,0.188400
26,lab,none,5,3,False,0.1,0.188200
18,gray,bilateral,5,3,True,0.2,0.187800
22,lab,none,5,3,True,0.1,0.187600
18,gray,bilateral,5,3,True,0.3,0.187400
18,hsv,gaussian,5,3,True,0.3,0.187400
26,hsv,bilateral,9,3,False,0.3,0.187000
32,lab,none,5,3,False,0.3,0.187000
32,hsv,bilateral,5,3,False,0.2,0.186600
32,hsv,gaussian,5,3,False,0.2,0.186600
22,gray,bilateral,9,3,True,0.1,0.186400
26,lab,gaussian,5,5,False,0.3,0.186400
32,hsv,bilateral,5,3,False,0.3,0.186400
22,lab,bilateral,9,3,True,0.1,0.186000
18,gray,gaussian,5,3,True,0.1,0.186000
18,gray,gaussian,5,5,True,0.1,0.185800
18,lab,gaussian,5,3,True,0.2,0.185800
26,gray,none,5,3,False,0.1,0.185600
26,lab,gaussian,5,5,False,0.2,0.185400
26,lab,bilateral,9,3,False,0.3,0.185000
26,hsv,bilateral,5,3,False,0.2,0.185000
26,lab,none,5,3,False,0.2,0.184800
32,hsv,none,5,3,False,0.1,0.184800
18,gray,none,5,3,True,0.2,0.184200
22,hsv,none,5,3,False,0.2,0.184200
26,lab,none,5,3,False,0.3,0.184200
18,hsv,gaussian,5,5,True,0.1,0.184200
32,lab,bilateral,5,3,False,0.1,0.184000
32,hsv,bilateral,9,3,False,0.3,0.183800
18,lab,gaussian,5,5,True,0.3,0.183800
26,hsv,gaussian,5,5,False,0.1,0.183600
26,hsv,bilateral,5,3,False,0.1,0.183600
32,lab,gaussian,5,3,False,0.3,0.183600
32,hsv,gaussian,5,5,False,0.3,0.183400
26,gray,gaussian,5,3,False,0.2,0.183400
18,gray,bilateral,9,3,True,0.2,0.183400
18,lab,gaussian,5,5,True,0.1,0.183400
32,gray,none,5,3,False,0.3,0.183200
32,hsv,bilateral,5,3,False,0.1,0.183200
26,hsv,bilateral,9,3,False,0.2,0.183200
26,gray,gaussian,5,3,False,0.3,0.183200
26,lab,bilateral,5,3,False,0.3,0.183000
26,gray,none,5,3,False,0.2,0.182800
32,hsv,gaussian,5,3,False,0.1,0.182800
26,lab,bilateral,9,3,False,0.2,0.182800
18,lab,none,5,3,True,0.2,0.182400
26,gray,gaussian,5,5,False,0.3,0.182400
32,lab,none,5,3,False,0.2,0.182400
22,hsv,gaussian,5,5,False,0.2,0.182200
32,hsv,bilateral,9,3,False,0.2,0.182200
32,lab,bilateral,9,3,False,0.2,0.182200
18,lab,gaussian,5,3,True,0.1,0.182200
18,lab,bilateral,5,3,True,0.3,0.182000
32,gray,none,5,3,False,0.1,0.182000
26,lab,bilateral,5,3,False,0.1,0.181800
32,lab,none,5,3,False,0.1,0.181800
26,gray,gaussian,5,5,False,0.2,0.181400
32,lab,gaussian,5,3,False,0.1,0.181400
32,gray,bilateral,9,3,False,0.3,0.181200
26,lab,bilateral,5,3,False,0.2,0.181000
22,hsv,bilateral,9,3,True,0.1,0.180800
32,hsv,gaussian,5,5,False,0.2,0.180800
32,lab,bilateral,9,3,False,0.1,0.180800
32,gray,bilateral,9,3,False,0.2,0.180600
22,hsv,gaussian,5,5,False,0.1,0.180600
26,gray,bilateral,5,3,False,0.1,0.180600
26,gray,none,5,3,False,0.3,0.180600
32,lab,gaussian,5,5,False,0.3,0.180600
32,lab,gaussian,5,3,False,0.2,0.180400
32,gray,bilateral,5,3,False,0.3,0.180000
26,hsv,bilateral,9,3,False,0.1,0.180000
32,lab,gaussian,5,5,False,0.2,0.179800
32,lab,bilateral,5,3,False,0.2,0.179600
18,hsv,gaussian,5,3,True,0.1,0.179600
22,hsv,bilateral,5,3,False,0.2,0.179400
32,gray,none,5,3,False,0.2,0.178800
26,lab,gaussian,5,3,False,0.1,0.178800
26,lab,bilateral,9,3,False,0.1,0.178800
18,lab,bilateral,9,3,True,0.2,0.178600
32,gray,bilateral,5,3,False,0.2,0.178600
26,gray,bilateral,9,3,False,0.1,0.178400
22,hsv,none,5,3,False,0.1,0.178400
22,lab,bilateral,9,3,False,0.2,0.178400
22,hsv,gaussian,5,3,False,0.3,0.178400
26,gray,bilateral,9,3,False,0.2,0.178000
22,gray,gaussian,5,5,False,0.2,0.178000
32,hsv,gaussian,5,5,False,0.1,0.178000
22,lab,gaussian,5,5,False,0.1,0.178000
26,gray,bilateral,5,3,False,0.2,0.177800
18,hsv,bilateral,9,3,True,0.2,0.177800
32,lab,gaussian,5,5,False,0.1,0.177800
22,hsv,gaussian,5,3,False,0.2,0.177400
32,hsv,bilateral,9,3,False,0.1,0.177200
32,gray,bilateral,5,3,False,0.1,0.177000
22,gray,gaussian,5,5,False,0.1,0.177000
26,gray,bilateral,5,3,False,0.3,0.176600
32,gray,gaussian,5,3,False,0.2,0.176600
22,lab,gaussian,5,3,False,0.2,0.176600
26,gray,gaussian,5,5,False,0.1,0.176600
32,gray,gaussian,5,3,False,0.1,0.176600
18,hsv,none,5,3,True,0.3,0.176200
22,hsv,gaussian,5,3,False,0.1,0.176200
26,lab,gaussian,5,5,False,0.1,0.176200
26,gray,bilateral,9,3,False,0.3,0.176000
26,gray,gaussian,5,3,False,0.1,0.176000
32,gray,gaussian,5,5,False,0.3,0.176000
22,hsv,gaussian,5,5,False,0.3,0.176000
18,lab,none,5,3,True,0.3,0.175800
18,hsv,bilateral,5,3,True,0.2,0.175800
22,hsv,none,5,3,False,0.3,0.175400
32,gray,gaussian,5,3,False,0.3,0.175400
18,hsv,bilateral,9,3,True,0.3,0.175400
18,hsv,bilateral,5,3,True,0.3,0.175200
18,hsv,bilateral,5,3,True,0.1,0.175200
22,hsv,bilateral,9,3,False,0.2,0.175000
22,hsv,bilateral,5,3,False,0.3,0.174800
22,gray,gaussian,5,5,False,0.3,0.174600
22,lab,gaussian,5,5,False,0.3,0.174400
32,gray,bilateral,9,3,False,0.1,0.174400
32,gray,gaussian,5,5,False,0.2,0.174200
22,lab,bilateral,5,3,False,0.2,0.174200
22,lab,gaussian,5,5,False,0.2,0.174200
22,lab,none,5,3,False,0.2,0.173800
22,lab,none,5,3,False,0.1,0.173800
18,hsv,none,5,3,True,0.2,0.173800
18,gray,bilateral,9,3,True,0.3,0.173600
22,hsv,bilateral,9,3,False,0.3,0.173600
18,lab,bilateral,9,3,True,0.3,0.173400
22,lab,gaussian,5,3,False,0.3,0.173200
18,hsv,bilateral,9,3,True,0.1,0.173200
22,hsv,bilateral,5,3,False,0.1,0.173200
18,gray,bilateral,5,3,True,0.1,0.172400
22,gray,bilateral,9,3,False,0.2,0.172200
18,lab,bilateral,5,3,True,0.1,0.172000
18,gray,none,5,3,True,0.3,0.172000
22,lab,bilateral,5,3,False,0.1,0.171200
18,lab,bilateral,9,3,True,0.1,0.171000
22,lab,gaussian,5,3,False,0.1,0.170800
22,gray,bilateral,5,3,False,0.2,0.170600
22,lab,bilateral,9,3,False,0.1,0.170400
22,lab,bilateral,9,3,False,0.3,0.170000
18,gray,none,5,3,True,0.1,0.170000
22,gray,none,5,3,False,0.2,0.169800
22,lab,none,5,3,False,0.3,0.169600
22,hsv,bilateral,9,3,False,0.1,0.169200
22,gray,gaussian,5,3,False,0.1,0.169200
18,hsv,none,5,3,True,0.1,0.168600
22,gray,gaussian,5,3,False,0.2,0.168000
22,lab,bilateral,5,3,False,0.3,0.168000
22,gray,none,5,3,False,0.1,0.167000
22,gray,bilateral,5,3,False,0.1,0.166600
18,hsv,none,5,3,False,0.1,0.166200
18,gray,bilateral,9,3,True,0.1,0.166000
18,hsv,gaussian,5,3,False,0.3,0.166000
32,gray,gaussian,5,5,False,0.1,0.166000
22,gray,bilateral,9,3,False,0.1,0.166000
18,lab,none,5,3,False,0.2,0.165800
18,lab,bilateral,5,3,False,0.2,0.165600
22,gray,gaussian,5,3,False,0.3,0.164600
22,gray,none,5,3,False,0.3,0.164400
18,hsv,gaussian,5,3,False,0.2,0.164200
18,gray,bilateral,9,3,False,0.2,0.164000
18,hsv,bilateral,5,3,False,0.2,0.163600
18,hsv,none,5,3,False,0.2,0.163600
18,lab,bilateral,9,3,False,0.2,0.163600
18,lab,none,5,3,True,0.1,0.163600
22,gray,bilateral,9,3,False,0.3,0.163200
18,lab,gaussian,5,3,False,0.1,0.163000
18,lab,gaussian,5,3,False,0.3,0.162800
18,hsv,bilateral,5,3,False,0.3,0.162400
22,gray,bilateral,5,3,False,0.3,0.162400
18,gray,none,5,3,False,0.1,0.162400
18,lab,gaussian,5,3,False,0.2,0.162200
18,hsv,gaussian,5,3,False,0.1,0.161800
18,hsv,bilateral,9,3,False,0.2,0.161400
18,lab,none,5,3,False,0.1,0.161400
18,hsv,bilateral,5,3,False,0.1,0.161400
18,hsv,bilateral,9,3,False,0.3,0.161200
18,hsv,none,5,3,False,0.3,0.161200
18,gray,gaussian,5,3,False,0.2,0.160800
18,gray,bilateral,5,3,False,0.2,0.160800
18,hsv,gaussian,5,5,False,0.2,0.160400
18,lab,none,5,3,False,0.3,0.160000
18,hsv,gaussian,5,5,False,0.3,0.160000
18,lab,gaussian,5,5,False,0.3,0.159800
18,gray,gaussian,5,3,False,0.3,0.159200
18,gray,none,5,3,False,0.2,0.159200
18,lab,bilateral,5,3,False,0.3,0.159200
18,lab,bilateral,9,3,False,0.1,0.159000
18,gray,gaussian,5,5,False,0.1,0.159000
18,hsv,gaussian,5,5,False,0.1,0.158800
18,gray,gaussian,5,3,False,0.1,0.158800
18,lab,bilateral,5,3,False,0.1,0.158600
18,lab,gaussian,5,5,False,0.2,0.158000
18,lab,gaussian,5,5,False,0.1,0.157400
18,gray,bilateral,5,3,False,0.1,0.157200
18,hsv,bilateral,9,3,False,0.1,0.157000
18,lab,bilateral,9,3,False,0.3,0.156000
18,gray,gaussian,5,5,False,0.2,0.155200
18,gray,none,5,3,False,0.3,0.154800
18,gray,bilateral,9,3,False,0.1,0.154400
18,gray,bilateral,5,3,False,0.3,0.153600
18,gray,bilateral,9,3,False,0.3,0.150200
18,gray,gaussian,5,5,False,0.3,0.148400
